"BLACKROAD OS - FINANCIAL MODEL TEMPLATE",,,,,,,,,,,,
"Version: 1.0 | Generated by BlackRoad OS, Inc.",,,,,,,,,,,,
,,,,,,,,,,,,
"INSTRUCTIONS: Import this CSV to Google Sheets, then format columns and add formulas",,,,,,,,,,,,
,,,,,,,,,,,,
"=== INCOME STATEMENT ===",,,,,,,,,,,,
"Period","Year 1 Q1","Year 1 Q2","Year 1 Q3","Year 1 Q4","Year 1 Total","Year 2 Q1","Year 2 Q2","Year 2 Q3","Year 2 Q4","Year 2 Total","Year 3","Year 4","Year 5"
,,,,,,,,,,,,
"REVENUE",,,,,,,,,,,,
"Product Revenue","[INPUT]","[INPUT]","[INPUT]","[INPUT]","=SUM(B10:E10)","[INPUT]","[INPUT]","[INPUT]","[INPUT]","=SUM(G10:J10)","[INPUT]","[INPUT]","[INPUT]"
"Service Revenue","[INPUT]","[INPUT]","[INPUT]","[INPUT]","=SUM(B11:E11)","[INPUT]","[INPUT]","[INPUT]","[INPUT]","=SUM(G11:J11)","[INPUT]","[INPUT]","[INPUT]"
"Subscription/SaaS","[INPUT]","[INPUT]","[INPUT]","[INPUT]","=SUM(B12:E12)","[INPUT]","[INPUT]","[INPUT]","[INPUT]","=SUM(G12:J12)","[INPUT]","[INPUT]","[INPUT]"
"Other Revenue","[INPUT]","[INPUT]","[INPUT]","[INPUT]","=SUM(B13:E13)","[INPUT]","[INPUT]","[INPUT]","[INPUT]","=SUM(G13:J13)","[INPUT]","[INPUT]","[INPUT]"
"TOTAL REVENUE","=SUM(B10:B13)","=SUM(C10:C13)","=SUM(D10:D13)","=SUM(E10:E13)","=SUM(B14:E14)","=SUM(G10:G13)","=SUM(H10:H13)","=SUM(I10:I13)","=SUM(J10:J13)","=SUM(G14:J14)","=SUM(K10:K13)","=SUM(L10:L13)","=SUM(M10:M13)"
,,,,,,,,,,,,
"COST OF GOODS SOLD (COGS)",,,,,,,,,,,,
"Direct Materials","[INPUT]","[INPUT]","[INPUT]","[INPUT]","=SUM(B17:E17)","[INPUT]","[INPUT]","[INPUT]","[INPUT]","=SUM(G17:J17)","[INPUT]","[INPUT]","[INPUT]"
"Direct Labor","[INPUT]","[INPUT]","[INPUT]","[INPUT]","=SUM(B18:E18)","[INPUT]","[INPUT]","[INPUT]","[INPUT]","=SUM(G18:J18)","[INPUT]","[INPUT]","[INPUT]"
"Hosting/Infrastructure","[INPUT]","[INPUT]","[INPUT]","[INPUT]","=SUM(B19:E19)","[INPUT]","[INPUT]","[INPUT]","[INPUT]","=SUM(G19:J19)","[INPUT]","[INPUT]","[INPUT]"
"TOTAL COGS","=SUM(B17:B19)","=SUM(C17:C19)","=SUM(D17:D19)","=SUM(E17:E19)","=SUM(B20:E20)","=SUM(G17:G19)","=SUM(H17:H19)","=SUM(I17:I19)","=SUM(J17:J19)","=SUM(G20:J20)","=SUM(K17:K19)","=SUM(L17:L19)","=SUM(M17:M19)"
,,,,,,,,,,,,
"GROSS PROFIT","=B14-B20","=C14-C20","=D14-D20","=E14-E20","=F14-F20","=G14-G20","=H14-H20","=I14-I20","=J14-J20","=K14-K20","=L14-L20","=M14-M20","=N14-N20"
"Gross Margin %","=B22/B14","=C22/C14","=D22/D14","=E22/E14","=F22/F14","=G22/G14","=H22/H14","=I22/I14","=J22/J14","=K22/K14","=L22/L14","=M22/M14","=N22/N14"
,,,,,,,,,,,,
"OPERATING EXPENSES",,,,,,,,,,,,
"Sales & Marketing","[INPUT]","[INPUT]","[INPUT]","[INPUT]","=SUM(B26:E26)","[INPUT]","[INPUT]","[INPUT]","[INPUT]","=SUM(G26:J26)","[INPUT]","[INPUT]","[INPUT]"
"Research & Development","[INPUT]","[INPUT]","[INPUT]","[INPUT]","=SUM(B27:E27)","[INPUT]","[INPUT]","[INPUT]","[INPUT]","=SUM(G27:J27)","[INPUT]","[INPUT]","[INPUT]"
"General & Administrative","[INPUT]","[INPUT]","[INPUT]","[INPUT]","=SUM(B28:E28)","[INPUT]","[INPUT]","[INPUT]","[INPUT]","=SUM(G28:J28)","[INPUT]","[INPUT]","[INPUT]"
"TOTAL OPEX","=SUM(B26:B28)","=SUM(C26:C28)","=SUM(D26:D28)","=SUM(E26:E28)","=SUM(B29:E29)","=SUM(G26:G28)","=SUM(H26:H28)","=SUM(I26:I28)","=SUM(J26:J28)","=SUM(G29:J29)","=SUM(K26:K28)","=SUM(L26:L28)","=SUM(M26:M28)"
,,,,,,,,,,,,
"EBITDA","=B22-B29","=C22-C29","=D22-D29","=E22-E29","=F22-F29","=G22-G29","=H22-H29","=I22-I29","=J22-J29","=K22-K29","=L22-L29","=M22-M29","=N22-N29"
"EBITDA Margin %","=B31/B14","=C31/C14","=D31/D14","=E31/E14","=F31/F14","=G31/G14","=H31/H14","=I31/I14","=J31/J14","=K31/K14","=L31/L14","=M31/M14","=N31/N14"
,,,,,,,,,,,,
"Depreciation","[INPUT]","[INPUT]","[INPUT]","[INPUT]","=SUM(B34:E34)","[INPUT]","[INPUT]","[INPUT]","[INPUT]","=SUM(G34:J34)","[INPUT]","[INPUT]","[INPUT]"
"Amortization","[INPUT]","[INPUT]","[INPUT]","[INPUT]","=SUM(B35:E35)","[INPUT]","[INPUT]","[INPUT]","[INPUT]","=SUM(G35:J35)","[INPUT]","[INPUT]","[INPUT]"
"EBIT (Operating Income)","=B31-B34-B35","=C31-C34-C35","=D31-D34-D35","=E31-E34-E35","=F31-F34-F35","=G31-G34-G35","=H31-H34-H35","=I31-I34-I35","=J31-J34-J35","=K31-K34-K35","=L31-L34-L35","=M31-M34-M35","=N31-N34-N35"
,,,,,,,,,,,,
"Interest Expense","[INPUT]","[INPUT]","[INPUT]","[INPUT]","=SUM(B38:E38)","[INPUT]","[INPUT]","[INPUT]","[INPUT]","=SUM(G38:J38)","[INPUT]","[INPUT]","[INPUT]"
"EBT (Pre-Tax Income)","=B36-B38","=C36-C38","=D36-D38","=E36-E38","=F36-F38","=G36-G38","=H36-H38","=I36-I38","=J36-J38","=K36-K38","=L36-L38","=M36-M38","=N36-N38"
"Income Tax (25%)","=B39*0.25","=C39*0.25","=D39*0.25","=E39*0.25","=F39*0.25","=G39*0.25","=H39*0.25","=I39*0.25","=J39*0.25","=K39*0.25","=L39*0.25","=M39*0.25","=N39*0.25"
"NET INCOME","=B39-B40","=C39-C40","=D39-D40","=E39-E40","=F39-F40","=G39-G40","=H39-H40","=I39-I40","=J39-J40","=K39-K40","=L39-L40","=M39-M40","=N39-N40"
,,,,,,,,,,,,
"=== KEY METRICS ===",,,,,,,,,,,,
"Revenue Growth (QoQ)","N/A","=(C14-B14)/B14","=(D14-C14)/C14","=(E14-D14)/D14","","=(G14-E14)/E14","=(H14-G14)/G14","=(I14-H14)/H14","=(J14-I14)/I14","","","",""
"Customer Acquisition Cost","[INPUT]","[INPUT]","[INPUT]","[INPUT]","=AVERAGE(B45:E45)","[INPUT]","[INPUT]","[INPUT]","[INPUT]","=AVERAGE(G45:J45)","[INPUT]","[INPUT]","[INPUT]"
"Lifetime Value (LTV)","[INPUT]","[INPUT]","[INPUT]","[INPUT]","=AVERAGE(B46:E46)","[INPUT]","[INPUT]","[INPUT]","[INPUT]","=AVERAGE(G46:J46)","[INPUT]","[INPUT]","[INPUT]"
"LTV:CAC Ratio","=B46/B45","=C46/C45","=D46/D45","=E46/E45","=F46/F45","=G46/G45","=H46/H45","=I46/I45","=J46/J45","=K46/K45","=L46/L45","=M46/M45","=N46/N45"
"Monthly Recurring Revenue","[INPUT]","[INPUT]","[INPUT]","[INPUT]","","[INPUT]","[INPUT]","[INPUT]","[INPUT]","","[INPUT]","[INPUT]","[INPUT]"
"Churn Rate","[INPUT]","[INPUT]","[INPUT]","[INPUT]","=AVERAGE(B49:E49)","[INPUT]","[INPUT]","[INPUT]","[INPUT]","=AVERAGE(G49:J49)","[INPUT]","[INPUT]","[INPUT]"
"Burn Rate (Monthly)","[INPUT]","[INPUT]","[INPUT]","[INPUT]","=AVERAGE(B50:E50)","[INPUT]","[INPUT]","[INPUT]","[INPUT]","=AVERAGE(G50:J50)","[INPUT]","[INPUT]","[INPUT]"
"Runway (Months)","[INPUT]","[INPUT]","[INPUT]","[INPUT]","","[INPUT]","[INPUT]","[INPUT]","[INPUT]","","[INPUT]","[INPUT]","[INPUT]"
