"BLACKROAD OS - KPI DASHBOARD TEMPLATE",,,,,,,,
"Version: 1.0 | Import to Google Sheets and customize",,,,,,,,
,,,,,,,,
"=== EXECUTIVE SUMMARY ===",,,,,,,,
"Metric","Current","Previous","Change","Target","Status","Trend","Notes"
"Total Revenue","[DATA]","[DATA]","=B6-C6","[TARGET]","=IF(B6>=E6,""On Track"",""Behind"")","[SPARKLINE]",""
"Net Profit","[DATA]","[DATA]","=B7-C7","[TARGET]","=IF(B7>=E7,""On Track"",""Behind"")","[SPARKLINE]",""
"Customer Count","[DATA]","[DATA]","=B8-C8","[TARGET]","=IF(B8>=E8,""On Track"",""Behind"")","[SPARKLINE]",""
"MRR/ARR","[DATA]","[DATA]","=B9-C9","[TARGET]","=IF(B9>=E9,""On Track"",""Behind"")","[SPARKLINE]",""
"NPS Score","[DATA]","[DATA]","=B10-C10","[TARGET]","=IF(B10>=E10,""On Track"",""Behind"")","[SPARKLINE]",""
,,,,,,,,
"=== SALES METRICS ===",,,,,,,,
"Metric","Week 1","Week 2","Week 3","Week 4","MTD Total","Target","% of Target"
"Leads Generated","[DATA]","[DATA]","[DATA]","[DATA]","=SUM(B14:E14)","[TARGET]","=F14/G14"
"SQLs (Sales Qualified)","[DATA]","[DATA]","[DATA]","[DATA]","=SUM(B15:E15)","[TARGET]","=F15/G15"
"Opportunities Created","[DATA]","[DATA]","[DATA]","[DATA]","=SUM(B16:E16)","[TARGET]","=F16/G16"
"Proposals Sent","[DATA]","[DATA]","[DATA]","[DATA]","=SUM(B17:E17)","[TARGET]","=F17/G17"
"Deals Closed Won","[DATA]","[DATA]","[DATA]","[DATA]","=SUM(B18:E18)","[TARGET]","=F18/G18"
"Deals Closed Lost","[DATA]","[DATA]","[DATA]","[DATA]","=SUM(B19:E19)","","=F19/(F18+F19)"
"Average Deal Size","[DATA]","[DATA]","[DATA]","[DATA]","=AVERAGE(B20:E20)","[TARGET]","=F20/G20"
"Sales Cycle (Days)","[DATA]","[DATA]","[DATA]","[DATA]","=AVERAGE(B21:E21)","[TARGET]","=G21/F21"
"Conversion Rate","=B18/B14","=C18/C14","=D18/D14","=E18/E14","=F18/F14","[TARGET]",""
,,,,,,,,
"=== MARKETING METRICS ===",,,,,,,,
"Channel","Visitors","Leads","Conv Rate","Cost","CPL","Revenue","ROAS"
"Organic Search","[DATA]","[DATA]","=C26/B26","$0","=D26/C26","[DATA]","=G26/E26"
"Paid Search (Google)","[DATA]","[DATA]","=C27/B27","[DATA]","=E27/C27","[DATA]","=G27/E27"
"Paid Social","[DATA]","[DATA]","=C28/B28","[DATA]","=E28/C28","[DATA]","=G28/E28"
"Email Marketing","[DATA]","[DATA]","=C29/B29","[DATA]","=E29/C29","[DATA]","=G29/E29"
"Referral","[DATA]","[DATA]","=C30/B30","[DATA]","=E30/C30","[DATA]","=G30/E30"
"Direct","[DATA]","[DATA]","=C31/B31","$0","=D31/C31","[DATA]","=G31/E31"
"TOTAL","=SUM(B26:B31)","=SUM(C26:C31)","=C32/B32","=SUM(E26:E31)","=E32/C32","=SUM(G26:G31)","=G32/E32"
,,,,,,,,
"=== CUSTOMER SUCCESS ===",,,,,,,,
"Metric","Jan","Feb","Mar","Apr","May","Jun","Avg/Total"
"Active Customers","[DATA]","[DATA]","[DATA]","[DATA]","[DATA]","[DATA]","=AVERAGE(B36:G36)"
"New Customers","[DATA]","[DATA]","[DATA]","[DATA]","[DATA]","[DATA]","=SUM(B37:G37)"
"Churned Customers","[DATA]","[DATA]","[DATA]","[DATA]","[DATA]","[DATA]","=SUM(B38:G38)"
"Churn Rate","=B38/B36","=C38/C36","=D38/D36","=E38/E36","=F38/F36","=G38/G36","=AVERAGE(B39:G39)"
"Net Revenue Retention","[DATA]","[DATA]","[DATA]","[DATA]","[DATA]","[DATA]","=AVERAGE(B40:G40)"
"Support Tickets","[DATA]","[DATA]","[DATA]","[DATA]","[DATA]","[DATA]","=SUM(B41:G41)"
"Avg Response Time (hrs)","[DATA]","[DATA]","[DATA]","[DATA]","[DATA]","[DATA]","=AVERAGE(B42:G42)"
"CSAT Score","[DATA]","[DATA]","[DATA]","[DATA]","[DATA]","[DATA]","=AVERAGE(B43:G43)"
"NPS Score","[DATA]","[DATA]","[DATA]","[DATA]","[DATA]","[DATA]","=AVERAGE(B44:G44)"
,,,,,,,,
"=== PRODUCT METRICS ===",,,,,,,,
"Metric","This Week","Last Week","Change","30-Day Avg","Target"
"Daily Active Users (DAU)","[DATA]","[DATA]","=B48-C48","[DATA]","[TARGET]"
"Weekly Active Users (WAU)","[DATA]","[DATA]","=B49-C49","[DATA]","[TARGET]"
"Monthly Active Users (MAU)","[DATA]","[DATA]","=B50-C50","[DATA]","[TARGET]"
"DAU/MAU Ratio","=B48/B50","=C48/C50","=B51-C51","=E48/E50","[TARGET]"
"Session Duration (min)","[DATA]","[DATA]","=B52-C52","[DATA]","[TARGET]"
"Sessions per User","[DATA]","[DATA]","=B53-C53","[DATA]","[TARGET]"
"Feature Adoption Rate","[DATA]","[DATA]","=B54-C54","[DATA]","[TARGET]"
"Error Rate","[DATA]","[DATA]","=B55-C55","[DATA]","[TARGET]"
"Page Load Time (s)","[DATA]","[DATA]","=B56-C56","[DATA]","[TARGET]"
,,,,,,,,
"=== FINANCIAL HEALTH ===",,,,,,,,
"Metric","Value","Industry Benchmark","Status","Notes"
"Current Ratio","=CurrentAssets/CurrentLiabilities","1.5-2.0","=IF(B60>=1.5,""Healthy"",""Review"")","Liquidity measure"
"Quick Ratio","=(CurrentAssets-Inventory)/CurrentLiabilities","1.0+","=IF(B61>=1.0,""Healthy"",""Review"")","Acid test"
"Debt-to-Equity","=TotalDebt/TotalEquity","<2.0","=IF(B62<2,""Healthy"",""High Leverage"")","Leverage measure"
"Gross Margin","=GrossProfit/Revenue","Industry varies","","Profitability"
"Operating Margin","=OperatingIncome/Revenue","Industry varies","","Operating efficiency"
"Net Margin","=NetIncome/Revenue","Industry varies","","Bottom line"
"ROE","=NetIncome/ShareholderEquity","15%+","=IF(B66>=0.15,""Strong"",""Review"")","Return on equity"
"ROA","=NetIncome/TotalAssets","5%+","=IF(B67>=0.05,""Strong"",""Review"")","Asset efficiency"
,,,,,,,,
"=== COMPLIANCE TRACKING ===",,,,,,,,
"Requirement","Status","Last Audit","Next Due","Owner","Notes"
"SOC 2 Type II","☐ Compliant","[DATE]","[DATE]","[NAME]",""
"ISO 27001","☐ Compliant","[DATE]","[DATE]","[NAME]",""
"GDPR","☐ Compliant","[DATE]","[DATE]","[NAME]",""
"HIPAA","☐ Compliant","[DATE]","[DATE]","[NAME]",""
"PCI-DSS","☐ Compliant","[DATE]","[DATE]","[NAME]",""
"CCPA","☐ Compliant","[DATE]","[DATE]","[NAME]",""
